MappingID,OriginalName,CanonicalName,MappingType,ConsolidatedTo,IsNoise,FirstYear,LastYear,UseCount,Notes
1,ACIC M 49-1,ACIC M 49-1,country_specific,,0,1998,1999,2,reference entry
2,Agriculture,Agricultural products,rename,,0,1990,1996,1585,
3,Alcohol consumption per capita,Alcohol consumption per capita,identity,,0,2022,2025,756,
4,and administer the Olympic games,and administer the Olympic games,noise,,1,1993,1993,1,
5,Appendix F,Appendix F,rename,,0,1994,1999,5,
6,Article 10,Article 10,noise,,1,1994,1996,3,
7,"Articles 12, 13, 14","Articles 12, 13, 14",noise,,1,1995,1995,1,
8,by occupation,by occupation,noise,,1,1994,1994,218,
9,C,C,noise,,1,1992,1994,3,
10,Caledonia in the Republic or RPCR is a coalition of 5 parties,Caledonia in the Republic or RPCR is a coalition of 5 parties,noise,,1,1999,1999,1,
11,caution,caution,noise,,1,1992,1992,1,
12,center,center,noise,,1,1994,1994,1,
13,Center Party,Center Party,noise,,1,1997,1998,2,
14,Centrists,Centrists,noise,,1,1994,1994,1,
15,Chamber of Deputies,Legislative branch,country_specific,,0,1994,1996,9,
16,Chamber of Senators (Camara de Senadores),Legislative branch,country_specific,,0,1994,1996,9,
17,Communications-note,Communications - note,dash_format,,0,1998,1998,7,dash -> Communications - note
18,Communications--note,Communications - note,dash_format,,0,1999,1999,5,dash -> Communications - note
19,consular agency,consular agency,noise,,1,1994,1994,1,
20,Consultative Council (Majlis ash Shura),Legislative branch,country_specific,,0,1996,1996,1,
21,consumption per capita,consumption per capita,noise,,1,1994,1994,234,
22,Council of States,Legislative branch,country_specific,,0,1994,1996,3,
23,CY,CY,noise,,1,1992,1992,1,
24,Data codes-hydrographic,Data codes-hydrographic,country_specific,,0,1998,1998,1,reference entry
25,Debt - external,Debt - external,identity,,0,1997,2025,5953,
26,Demographic profile,Demographic profile,rename,,0,2012,2024,809,
27,Dependent areas,Dependent areas,identity,,0,1990,2025,260,
28,Diplomatic representation from the US,Diplomatic representation from the US,identity,,0,1997,2025,7017,
29,Disputes - international,Disputes - international,identity,,0,1997,2024,6507,
30,Economic overview,Economic overview,identity,,0,1996,2025,1744,
31,Electricity - capacity,Electricity - capacity,consolidation,Electricity,0,1997,1997,242,
32,Electricity - exports,Electricity - exports,consolidation,Electricity,0,2000,2021,4824,
33,Electricity - imports,Electricity - imports,consolidation,Electricity,0,2000,2021,4866,
34,Electricity-consumption per capita,Electricity - consumption per capita,dash_format,Energy consumption per capita,0,1998,1998,238,dash -> Electricity - consumption per capita (consolidated)
35,Elevation extremes,Elevation,rename,,0,1997,2015,5014,
36,England,England,country_specific,,0,1994,1996,3,regional sub-entry
37,Entities,Entities,country_specific,,0,1992,1998,4,reference entry
38,Environmental issues,Environmental issues,identity,,0,2025,2025,254,
39,Environment-international agreements,International environmental agreements,dash_format,,0,1998,1998,266,dash -> Environment - international agreements -> International environmental agreements
40,Environment--international agreements,International environmental agreements,dash_format,,0,1999,1999,265,dash -> Environment - international agreements -> International environmental agreements
41,est.,est.,noise,,1,1992,1992,1,
42,Estonia made up of 2 parties,Estonia made up of 2 parties,noise,,1,1996,1997,2,
43,Exclusive fishing zone,Exclusive fishing zone,consolidation,Maritime claims,0,1990,1994,116,
44,F,F,noise,,1,1994,1994,1,
45,Food insecurity,Food insecurity,rename,,0,2021,2024,178,
46,Freedom Pole,Freedom Pole,noise,,1,1997,1998,2,
47,General Council (Conseil General),Legislative branch,country_specific,,0,1994,1996,3,
48,Government,Government,noise,,1,1994,1998,4,
49,Greek area,Greek area,country_specific,,0,1994,1996,35,regional sub-entry
50,Greek area - industry,Greek area - industry,country_specific,,0,1996,1996,1,regional sub-entry
51,Greek area - recipient,Greek area - recipient,country_specific,,0,1996,1996,1,regional sub-entry
52,Greek area - services,Greek area - services,country_specific,,0,1996,1996,1,regional sub-entry
53,Gross domestic product,Gross domestic product,country_specific,,0,1998,1998,1,reference entry
54,Group of Assistants,Legislative branch,country_specific,,0,1994,1996,3,
55,Gulf of Sidra closing line,Gulf of Sidra closing line,consolidation,Maritime claims,0,1990,1996,4,
56,House of Deputies (Adunarea Deputatilor),Legislative branch,country_specific,,0,1994,1996,3,
57,House of Districts (Zupanije Dom),Legislative branch,country_specific,,0,1994,1996,3,
58,House of Representatives (Camara de Representantes),Legislative branch,country_specific,,0,1994,1996,3,
59,House of Representatives (Kapulungan Ng Mga Kinatawan),Legislative branch,country_specific,,0,1994,1996,3,
60,House of Representatives (Saphaphoothan-Rajsadhorn),Legislative branch,country_specific,,0,1995,1995,1,
61,House of Representatives (Shugi-in),Legislative branch,country_specific,,0,1994,1996,3,
62,House of Representatives (Zastupnicki Dom),Legislative branch,country_specific,,0,1996,1996,1,
63,iculture,iculture,noise,,1,1994,1994,1,
64,Inland waterways,Waterways,rename,,0,1990,1995,716,
65,labor organizations,labor organizations,noise,,1,1994,1994,1,
66,Land area,Area,rename,,0,1992,1994,526,
67,Land boundary,Land boundaries,rename,,0,1990,1991,32,
68,Languages,Languages,identity,,0,1992,2025,8110,
69,Legislative Yuan,Legislative branch,country_specific,,0,1994,1996,3,
70,Location,Location,identity,,0,1993,2025,8705,
71,Manpower available for military service,Manpower available for military service,consolidation,Military and security service personnel strengths,0,2005,2015,2225,
72,Manpower reaching militarily significant age annually,Manpower reaching militarily significant age annually,consolidation,Military service age and obligation,0,2008,2015,1801,
73,Manpower reaching military service age annually,Manpower reaching military service age annually,consolidation,Military service age and obligation,0,2005,2007,452,
74,Marine fisheries,Marine fisheries,identity,,0,2019,2025,35,
75,Military - note,Military - note,identity,,0,1997,2025,3140,
76,Military expenditures-percent of GDP,Military expenditures,dash_format,Military expenditures,0,1998,1998,195,dash -> Military expenditures - percent of GDP (consolidated)
77,Military expenditures--percent of GDP,Military expenditures,dash_format,Military expenditures,0,1999,1999,195,dash -> Military expenditures - percent of GDP (consolidated)
78,Mother's mean age at first birth,Mother's mean age at first birth,identity,,0,2013,2025,1562,
79,National Assembly (Assembleia Nacional),Legislative branch,country_specific,,0,1994,1996,3,
80,National Assembly (Narodno Sobranie),Legislative branch,country_specific,,0,1994,1996,3,
81,National color(s),National color(s),identity,,0,2025,2025,219,
82,National Parliament (sometimes referred to as the House of A,Legislative branch,country_specific,,0,1996,1996,1,
83,Natural gas - proved reserves,Natural gas - proved reserves,consolidation,Natural gas,0,2003,2021,3486,
84,nm,nm,noise,,1,1992,1992,1,
85,Northern Ireland,Northern Ireland,country_specific,,0,1994,1996,3,regional sub-entry
86,Obesity - adult prevalence rate,Obesity - adult prevalence rate,identity,,0,2011,2025,2635,
87,Pan-American highway,Pan-American highway,noise,,1,1994,1994,1,
88,Parliament (Althing),Legislative branch,country_specific,,0,1994,1996,3,
89,Parliament (Palamene),Legislative branch,country_specific,,0,1994,1995,2,
90,paved and graveled,paved and graveled,noise,,1,1994,1994,3,
91,Age structure,Age structure,identity,,0,1995,2025,7318,
92,Airports-with unpaved runways,Airports - with unpaved runways,dash_format,,0,1998,1998,202,dash -> Airports - with unpaved runways -> Airports - with unpaved runways
93,Airports--with unpaved runways,Airports - with unpaved runways,dash_format,,0,1999,1999,203,dash -> Airports - with unpaved runways -> Airports - with unpaved runways
94,Appendix A,Appendix A,rename,,0,1990,1999,6,
95,appendixes have been added--Appendix D,appendixes have been added--Appendix D,noise,,1,1994,1994,1,
96,Area,Area,identity,,0,1992,2025,8475,
97,Area-comparative,Area - comparative,dash_format,,0,1998,1998,267,dash -> Area - comparative
98,Area--comparative,Area - comparative,dash_format,,0,1999,1999,266,dash -> Area - comparative
99,Article 7,Article 7,noise,,1,1994,1996,3,
100,Articles 12 13 14,Articles 12 13 14,noise,,1,1996,1996,1,
101,British pounds,British pounds,country_specific,,0,1994,1996,3,regional sub-entry
102,capacity,capacity,noise,,1,1994,1994,234,
103,Central bank discount rate,Central bank discount rate,rename,,0,2008,2019,1971,
104,Chamber of Citizens,Legislative branch,country_specific,,0,1994,1996,3,
105,Chamber of Citizens (Vijece Gradanstvo),Legislative branch,country_specific,,0,1994,1996,3,
106,Chamber of Deputies (Camara de Diputados),Legislative branch,country_specific,,0,1994,1996,17,
107,Chamber of Deputies(Flemish - Kamer van Volksvertegenwoordig,Legislative branch,country_specific,,0,1996,1996,1,
108,Children under the age of 5 years underweight,Children under the age of 5 years underweight,identity,,0,2011,2025,2373,
109,Communist origin or linked,Communist origin or linked,noise,,1,1994,1994,3,
110,Constituent Assembly,Legislative branch,country_specific,,0,1994,1995,2,
111,consulate general(s),consulate general(s),noise,,1,1994,1994,1,
112,consulate(s),consulate(s),noise,,1,1994,1994,40,
113,Consultatif),Consultatif),noise,,1,1994,1994,1,
114,Contraceptive prevalence rate,Contraceptive prevalence rate,identity,,0,2013,2025,2200,
115,convention,convention,noise,,1,1994,1994,10,
116,conventional long form,conventional long form,noise,,1,1994,1994,261,
117,Council of Heads of Administrations,Legislative branch,country_specific,,0,1994,1996,3,
118,Council of States (Rajya Sabha),Legislative branch,country_specific,,0,1994,1996,3,
119,Crude oil - production,Crude oil - production,consolidation,Petroleum,0,2012,2021,2168,
120,Currency,Exchange rates,rename,,0,1990,2004,3481,
121,Current Health Expenditure,Current health expenditure,rename,,0,2019,2025,1376,
122,Cypriot area,Cypriot area,country_specific,,0,1998,2001,8,regional sub-entry
123,D,D,noise,,1,1992,1994,3,
124,Danish Folketing,Legislative branch,country_specific,,0,1994,1996,3,
125,Data code,Data code,country_specific,,0,1996,2000,1327,reference entry
126,Debt-external,Debt - external,dash_format,,0,1998,1998,235,dash -> Debt - external
127,Debt--external,Debt - external,dash_format,,0,1999,1999,234,dash -> Debt - external
128,Diet (Sejm),Legislative branch,country_specific,,0,1994,1995,2,
129,Diplomatic representation in the US,Diplomatic representation in the US,identity,,0,1997,2025,6973,
130,director,director,noise,,1,1994,1994,1,
131,Drinking water source,Drinking water source,identity,,0,2011,2025,3100,
132,DWT,DWT,noise,,1,1992,1992,1,
133,Economy,Economy,country_specific,,0,1998,1998,1,reference entry
134,Economy of the area administered by Turkish Cypriots,Economy of the area administered by Turkish Cypriots,rename,,0,2008,2022,15,
135,Electricity - from other renewable sources,Electricity - from other renewable sources,consolidation,Electricity generation sources,0,2012,2021,2131,
136,Electricity--production by source,Electricity - production by source,dash_format,Electricity generation sources,0,1999,1999,236,dash -> Electricity - production by source (consolidated)
137,Elevation,Elevation,identity,,0,2016,2025,2595,
138,enditures,enditures,noise,,1,1994,1994,1,
139,Energy consumption per capita,Energy consumption per capita,identity,,0,2022,2025,817,
140,Environment - international agreements,International environmental agreements,rename,,0,1997,2024,5266,
141,Evangelical,Evangelical,noise,,1,1995,1996,2,
142,Executive branch,Executive branch,identity,,0,1990,2025,8283,
143,FAX,Diplomatic representation in the US,rename,,0,1994,2001,1772,
144,Federal Assembly (Assemblee Federale),Legislative branch,country_specific,,0,1994,1996,3,
145,FIPS 10-4,FIPS 10-4,country_specific,,0,1998,1999,3,reference entry
146,five-member Presidential Council,Legislative branch,country_specific,,0,1994,1994,1,
147,Flag graphic,Flag graphic,country_specific,,0,1998,1998,1,reference entry
148,FNT is a Sandinista umbrella group of eight labor unions,FNT is a Sandinista umbrella group of eight labor unions,noise,,1,1999,1999,1,
149,former name,former name,noise,,1,1994,1994,1,
150,Freedom Alliance,Freedom Alliance,noise,,1,1996,1996,1,
151,French National Assembly,Legislative branch,country_specific,,0,1994,1996,27,
152,GDP - composition by sector,"GDP - composition, by sector of origin",rename,,0,1997,2012,3266,
153,"GDP - composition, by sector of origin","GDP - composition, by sector of origin",identity,,0,2013,2025,2965,
154,GDP (purchasing power parity),Real GDP (purchasing power parity),rename,,0,2005,2019,3559,
155,GDP-composition by sector,"GDP - composition, by sector of origin",dash_format,,0,1998,1998,235,"dash -> GDP - composition by sector -> GDP - composition, by sector of origin"
156,GDP--composition by sector,"GDP - composition, by sector of origin",dash_format,,0,1999,1999,234,"dash -> GDP - composition by sector -> GDP - composition, by sector of origin"
157,General Council,Legislative branch,country_specific,,0,1994,1996,15,
158,General Council of the Valleys,Legislative branch,country_specific,,0,1994,1995,2,
159,Geographic names,Geographic names,country_specific,,0,1998,1998,1,reference entry
160,Great and General Council,Legislative branch,country_specific,,0,1994,1996,3,
161,Great Council of Chiefs,Legislative branch,country_specific,,0,1994,1996,3,
162,Greek Cypriot,Greek Cypriot,country_specific,,0,1994,1994,1,regional sub-entry
163,Gross national saving,Gross national saving,rename,,0,2013,2020,1414,
164,GWP,GWP,noise,,1,1998,1998,1,
165,Health expenditure,Health expenditure,identity,,0,2025,2025,197,
166,House of Councillors (Sangi-in),Legislative branch,country_specific,,0,1994,1996,3,
167,House of Keys,Legislative branch,country_specific,,0,1994,1996,3,
168,House of Notables (Majlis al-A'ayan),Legislative branch,country_specific,,0,1994,1994,1,
169,House of Representatives (Dewan Rakyat),Legislative branch,country_specific,,0,1994,1996,3,
170,Illicit drugs,Illicit drugs,identity,,0,1990,2025,4531,
171,Independence,Independence,identity,,0,1990,2025,8387,
172,Indigenous Parties,Indigenous Parties,noise,,1,1997,1999,3,
173,Inflation rate-consumer price index,Inflation rate (consumer prices),dash_format,,0,1998,1998,235,dash -> Inflation rate - consumer price index -> Inflation rate (consumer prices)
174,kW,kW,noise,,1,1992,1992,1,
175,kWh,kWh,noise,,1,1992,1992,1,
176,Left Parties,Left Parties,noise,,1,1995,1998,4,
177,Legislative Assembly,Legislative branch,country_specific,,0,1994,1996,16,
178,Legislative Assembly (Asamblea Legislativa),Legislative branch,country_specific,,0,1994,1996,8,
179,Legislative Assembly (Fono),Legislative branch,country_specific,,0,1994,1996,3,
180,Life expectancy at birth,Life expectancy at birth,identity,,0,1990,2025,8179,
181,Literacy,Literacy,identity,,0,1990,2025,7714,
182,local short form,local short form,noise,,1,1994,1994,144,
183,Long-form name,Country name,rename,,0,1990,1992,745,
184,Administrative divisions,Administrative divisions,identity,,0,1990,2025,8370,
185,Africans,Africans,noise,,1,1994,1996,3,
186,Airports-with paved runways,Airports - with paved runways,dash_format,,0,1998,1998,234,dash -> Airports - with paved runways -> Airports - with paved runways
187,Airports--with paved runways,Airports - with paved runways,dash_format,,0,1999,1999,233,dash -> Airports - with paved runways -> Airports - with paved runways
188,April 1996 seat distribution was,April 1996 seat distribution was,noise,,1,1996,1996,1,
189,Area Rankings,Area - rankings,rename,,0,2019,2020,2,
190,Article 1,Article 1,noise,,1,1994,1996,3,
191,Article 9,Article 9,noise,,1,1994,1996,3,
192,Assembly (Sobranje),Legislative branch,country_specific,,0,1994,1996,3,
193,Assembly of Legislatures,Legislative branch,country_specific,,0,1995,1995,1,
194,B,B,noise,,1,1992,1994,3,
195,Background,Background,identity,,0,1999,2025,6910,
196,c.i.f.,c.i.f.,noise,,1,1992,1992,1,
197,Center-Right party,Center-Right party,noise,,1,1995,1996,2,
198,chief of state and head of government (de facto),chief of state and head of government (de facto),noise,,1,1994,1994,1,
199,Citizenship,Citizenship,identity,,0,2015,2025,2444,
200,Civil aircraft registration country code prefix,Civil aircraft registration country code prefix,identity,,0,2016,2025,2130,
201,Contiguous zone,Contiguous zone,consolidation,Maritime claims,0,1990,1994,149,
202,Council of Regions,Legislative branch,country_specific,,0,1995,1996,2,
203,Crude oil - imports,Crude oil - imports,consolidation,Petroleum,0,2012,2021,2154,
204,Currency (code),Exchange rates,rename,,0,2005,2008,954,
205,"Currently, there are 42 treaty member nations","Currently, there are 42 treaty member nations",noise,,1,1996,1996,1,
206,Defense note,Military - note,rename,,0,1996,1996,73,
207,Diplomatic representation in US,Diplomatic representation in the US,rename,,0,1993,1996,755,
208,eastern-donor,eastern-donor,noise,,1,1994,1994,1,
209,Education expenditure,Education expenditure,identity,,0,2025,2025,205,
210,Elections,Executive branch,rename,,0,1990,1994,499,
211,Electricity-production,Electricity - production,dash_format,Electricity,0,1998,1998,241,dash -> Electricity - production (consolidated)
212,Electricity--production,Electricity - production,dash_format,Electricity,0,1999,1999,239,dash -> Electricity - production (consolidated)
213,Environment - current issues,Environment - current issues,identity,,0,1997,2025,6868,
214,expenditures,expenditures,noise,,1,1994,1994,235,
215,Federal Council,Legislative branch,country_specific,,0,1996,1996,1,
216,Fiscal year,Fiscal year,rename,,0,1990,2023,6925,
217,Flag description,Flag,rename,,0,1997,2025,7096,
218,former,former,noise,,1,1994,1994,68,
219,French francs,French francs,country_specific,,0,1994,1996,3,regional sub-entry
220,games,games,noise,,1,1992,1992,1,
221,Geography - note,Geography - note,identity,,0,1997,2025,6920,
222,Geography-note,Geography - note,dash_format,,0,1998,1998,209,dash -> Geography - note
223,Geography--note,Geography - note,dash_format,,0,1999,1999,208,dash -> Geography - note
224,Germany,Germany,country_specific,,0,1994,1996,9,regional sub-entry
225,Gini Index coefficient - distribution of family income,Gini Index coefficient - distribution of family income,identity,,0,2021,2025,836,
226,Government-note,Government - note,dash_format,,0,1998,1998,3,dash -> Government - note
227,Government--note,Government - note,dash_format,,0,1999,1999,2,dash -> Government - note
228,Gross national product (GNP),Gross national product (GNP),country_specific,,0,1992,1994,3,reference entry
229,Gross world product (GWP),Gross world product (GWP),country_specific,,0,1993,1994,2,reference entry
230,House of Assembly (Maneaba Ni Maungatabu),Legislative branch,country_specific,,0,1994,1996,3,
231,House of Commons,Legislative branch,country_specific,,0,1994,1996,3,
232,Imports--partners,Imports - partners,dash_format,,0,1999,1999,232,dash -> Imports - partners
233,Inflation rate - consumer price index,Inflation rate (consumer prices),rename,,0,1997,1997,234,
234,International environmental agreements,International environmental agreements,identity,,0,2025,2025,198,
235,International law organization participation,International law organization participation,rename,,0,2011,2025,2971,
236,Island Council,Legislative branch,country_specific,,0,1994,1996,3,
237,Khmer Royal Armed Forces (KRAF),Legislative branch,country_specific,,0,1994,1996,3,
238,km2,km2,noise,,1,1992,1992,1,
239,Legislative Assembly (Fale Alea),Legislative branch,country_specific,,0,1994,1996,3,
240,Legislature (Staten),Legislative branch,country_specific,,0,1994,1996,3,
241,m,m,noise,,1,1992,1992,1,
242,Mail,Mail,country_specific,,0,1995,1998,3,reference entry
243,Major aquifers,Major aquifers,identity,,0,2021,2025,477,
244,Major infectious diseases,Major infectious diseases,rename,,0,2005,2023,2164,
245,Major urban areas - population,Major urban areas - population,identity,,0,2013,2025,2872,
246,Major watersheds (area sq km),Major watersheds (area sq km),identity,,0,2021,2025,927,
247,male,male,noise,,1,1994,1994,464,
248,Manpower fit for military service,Manpower fit for military service,consolidation,Military and security service personnel strengths,0,2005,2015,2371,
249,Maritime claims,Maritime claims,identity,,0,1990,2025,8632,
250,Maternal mortality ratio,Maternal mortality ratio,identity,,0,2017,2025,974,
251,members of the government,members of the government,noise,,1,1994,1994,1,
252,Military,Military,country_specific,,0,1998,1998,1,reference entry
253,Military expenditures - dollar figure,Military expenditures - dollar figure,consolidation,Military expenditures,0,1997,2005,1378,
254,Military manpower,Military manpower,consolidation,Military and security service personnel strengths,0,1990,1990,175,
255,Military manpower-reaching military age annually,Military manpower - reaching military age annually,dash_format,Military service age and obligation,0,1998,1998,129,dash -> Military manpower - reaching military age annually (consolidated)
256,Military manpower--reaching military age annually,Military manpower - reaching military age annually,dash_format,Military service age and obligation,0,1999,1999,127,dash -> Military manpower - reaching military age annually (consolidated)
257,Minor parties,Minor parties,noise,,1,1994,1994,1,
258,Montenegro - under 15 years,Montenegro - under 15 years,country_specific,,0,1996,1996,1,regional sub-entry
259,National capital,Capital,rename,,0,1997,1998,488,
260,National Council (Narodni Rada),Legislative branch,country_specific,,0,1994,1995,2,
261,National People's Assembly (Al-Majlis Ech-Chaabi Al-Watani),Legislative branch,country_specific,,0,1994,1994,1,
262,National Security Council,Legislative branch,country_specific,,0,1994,1996,5,
263,Olive Tree,Olive Tree,noise,,1,1996,1996,1,
264,Olive Tree (Ulivo),Olive Tree (Ulivo),noise,,1,1997,1998,2,
265,paramilitary forces,paramilitary forces,noise,,1,1994,1994,1,
266,paved,paved,noise,,1,1994,1994,223,
267,permanent crops,permanent crops,noise,,1,1994,1994,262,
268,Ports,Ports,identity,,0,1990,2025,2087,
269,"principal national parties, from right to left","principal national parties, from right to left",noise,,1,1994,1994,1,
270,Progress of Chile (UPP) consists mainly of three parties,Progress of Chile (UPP) consists mainly of three parties,noise,,1,1996,1996,1,
271,Radios,Radios,rename,,0,1996,2002,1673,Count of radio devices owned by population; not broadcast infrastructure
272,Refined petroleum products - consumption,Refined petroleum products - consumption,consolidation,Petroleum,0,2012,2021,2152,
273,Religions,Religions,identity,,0,1992,2025,8031,
274,rent issues,rent issues,noise,,1,1994,1994,1,
275,Reserves of foreign exchange and gold,Reserves of foreign exchange and gold,identity,,0,2005,2025,3692,
276,2) General Assembly,Legislative branch,country_specific,,0,1992,1994,3,
277,A,A,noise,,1,1992,1994,3,
278,address,address,noise,,1,1994,1994,1,
279,Agricultural products,Agricultural products,identity,,0,2021,2025,1165,
280,Agriculture - products,Agricultural products,rename,,0,1997,2020,5149,
281,Air pollutants,Air pollutants,identity,,0,2021,2024,852,
282,Airports - with paved runways,Airports - with paved runways,rename,,0,1997,2023,5869,
283,Alternatif-BA (includes the following parties,Alternatif-BA (includes the following parties,noise,,1,2001,2001,1,
284,anti-market and/or ultranationalist parties,anti-market and/or ultranationalist parties,noise,,1,1994,1994,1,
285,are,are,noise,,1,1992,1992,1,
286,Article 3,Article 3,noise,,1,1994,1996,3,
287,Article 4,Article 4,noise,,1,1994,1996,3,
288,Assembly,Legislative branch,country_specific,,0,1996,1996,1,
289,Bonaire,Bonaire,country_specific,,0,1994,1998,5,regional sub-entry
290,branch office,branch office,noise,,1,1994,1994,2,
291,Broadband - fixed subscriptions,Broadband - fixed subscriptions,identity,,0,2018,2025,1685,
292,Broadcast media,Broadcast media,identity,,0,2010,2025,3822,
293,Carbon dioxide emissions,Carbon dioxide emissions,identity,,0,2022,2025,878,
294,Chamber of Deputies (Snemovna Poslancu),Legislative branch,country_specific,,0,1996,1996,1,
295,Civil air,Civil air,rename,,0,1990,1992,556,Civilian aircraft fleet (types and counts); not airport infrastructure
296,Coastline,Coastline,identity,,0,1990,2025,9477,
297,commodities,commodities,noise,,1,1994,1994,464,
298,consulate general,consulate general,noise,,1,1994,1994,3,
299,consulate(s) general,consulate(s) general,noise,,1,1994,1994,120,
300,Danish Parliament,Legislative branch,country_specific,,0,1994,1996,3,
301,Democratic Constituent Congress (CCD),Legislative branch,country_specific,,0,1994,1994,1,
302,developing countries,developing countries,noise,,1,1994,1994,1,
303,DIAM 65-18,DIAM 65-18,country_specific,,0,1998,1999,2,reference entry
304,Diplomatic representation,Diplomatic representation in the US,rename,,0,1990,1998,674,
305,Electricity--exports,Electricity - exports,dash_format,Electricity,0,1999,1999,235,dash -> Electricity - exports (consolidated)
306,Environmental agreements,Environmental agreements,country_specific,,0,1998,1998,1,reference entry
307,ernational agreements,ernational agreements,noise,,1,1994,1994,1,
308,Evangelical Party,Evangelical Party,noise,,1,1997,1998,2,
309,Exchange rates,Exchange rates,identity,,0,1990,2025,8511,
310,Extended economic zone,Extended economic zone,consolidation,Maritime claims,0,1990,1990,111,
311,Freshwater withdrawal (domestic/industrial/agricultural),Total water withdrawal,rename,,0,2008,2015,1348,
312,GDP - per capita,Real GDP per capita,rename,,0,1997,2005,1646,
313,GDP - per capita (PPP),Real GDP per capita,rename,,0,2006,2020,3475,
314,GDP (official exchange rate),GDP (official exchange rate),identity,,0,2006,2025,4616,
315,GDP per capita,Real GDP per capita,rename,,0,1996,1996,225,
316,GDP-real growth rate,Real GDP growth rate,dash_format,,0,1998,1998,235,dash -> GDP - real growth rate -> Real GDP growth rate
317,GDP--real growth rate,Real GDP growth rate,dash_format,,0,1999,1999,235,dash -> GDP - real growth rate -> Real GDP growth rate
318,governing coalition,governing coalition,noise,,1,1994,1994,1,
319,honorary consulate(s),honorary consulate(s),noise,,1,1994,1994,2,
320,House of Representatives (Dail Eireann),Legislative branch,country_specific,,0,1994,1996,3,
321,independents,independents,noise,,1,1994,1994,1,
322,Industries,Industries,identity,,0,1990,2025,8230,
323,Inflation rate (consumer prices),Inflation rate (consumer prices),identity,,0,1990,2025,7823,
324,International organizations,International organizations,country_specific,,0,1998,1998,1,reference entry
325,Internet,Internet users,rename,,1,1998,1999,3,
326,Internet country code,Internet country code,identity,,0,2001,2025,6050,
327,Internet Service Providers (ISPs),Internet Service Providers,rename,,0,2000,2003,960,
328,Irrigated land,Irrigated land,identity,,0,1993,2025,8261,
329,Labor force--by occupation,Labor force - by occupation,dash_format,,0,1999,1999,216,dash -> Labor force - by occupation -> Labor force - by occupation
330,Land boundaries,Land boundaries,identity,,0,1990,2025,9289,
331,Leaders,Executive branch,rename,,0,1990,1994,478,
332,Leftists,Leftists,noise,,1,1994,1994,1,
333,Legislative branch - lower chamber,Legislative branch - lower chamber,identity,,0,2025,2025,84,
334,liaison office,liaison office,noise,,1,1994,1994,1,
335,mainland,mainland,noise,,1,1994,1994,2,
336,Major lakes (area sq km),Major lakes (area sq km),identity,,0,2021,2025,626,
337,Maritime threats,Maritime threats,rename,,0,2017,2022,145,
338,Market value of publicly traded shares,Market value of publicly traded shares,rename,,0,2007,2019,2416,
339,Maternal mortality rate,Maternal mortality ratio,rename,,0,2011,2020,1662,
340,Member,Member,country_specific,,0,1990,1990,1,reference entry
341,Merchant marine,Merchant marine,identity,,0,1990,2025,6288,
342,Methane emissions,Methane emissions,identity,,0,2025,2025,90,
343,Military and security forces,Military and security forces,identity,,0,2019,2025,1535,
344,Military and security service personnel strengths,Military and security service personnel strengths,identity,,0,2020,2025,1085,
345,Military deployments,Military deployments,identity,,0,2020,2025,529,
346,Montenegro,Montenegro,country_specific,,0,1994,1996,32,regional sub-entry
347,Montenegro - males fit for military service,Montenegro - males fit for military service,country_specific,,0,1996,1996,1,regional sub-entry
348,Morocco,Morocco,country_specific,,0,1999,2001,2,regional sub-entry
349,National Assembly (Bunge),Legislative branch,country_specific,,0,1994,1996,6,
350,National Assembly (Majlis al-umma),Legislative branch,country_specific,,0,1994,1996,3,
351,National Assembly (Milli Mejlis),Legislative branch,country_specific,,0,1994,1996,3,
352,National Assembly (Orszaggyules),Legislative branch,country_specific,,0,1994,1996,3,
353,National Assembly (Tshogdu),Legislative branch,country_specific,,0,1996,1996,1,
354,National Consultative Council (Conceil National Consultatif),Legislative branch,country_specific,,0,1995,1995,1,
355,National Council,Legislative branch,country_specific,,0,1994,1996,10,
356,National Development Council,Legislative branch,country_specific,,0,1994,1995,2,
357,National Parliament,Legislative branch,country_specific,,0,1994,1996,5,
358,National product real growth rate,Real GDP growth rate,rename,,0,1993,1995,698,
359,Net migration rate,Net migration rate,identity,,0,1990,2025,8282,
360,north,north,noise,,1,1994,1994,2,
361,north and center,north and center,noise,,1,1994,1994,1,
362,ODA,ODA,noise,,1,1992,1992,1,
363,OOF,OOF,noise,,1,1992,1992,1,
364,Other political parties or pressure groups,Other political parties or pressure groups,noise,,1,1990,1991,3,
365,Parliament (Riksdag),Legislative branch,country_specific,,0,1994,1996,3,
366,People's Army of Vietnam (PAVN) including,People's Army of Vietnam (PAVN) including,noise,,1,1994,1994,1,
367,People's Assembly (Kuvendi Popullor),Legislative branch,country_specific,,0,1994,1994,1,
368,People's Assembly (Lok Sabha),Legislative branch,country_specific,,0,1994,1994,1,
369,3) Security Council,Legislative branch,country_specific,,0,1992,1994,3,
370,34 DCs are,34 DCs are,noise,,1,1992,1992,1,
371,Abbreviations,Abbreviations,country_specific,,0,1992,1998,4,reference entry
372,Advisory Council (Majlis al-Shura),Legislative branch,country_specific,,0,1994,1996,6,
373,Affiliation,Affiliation,country_specific,,0,1993,1994,136,reference entry
374,Agriculture-products,Agricultural products,dash_format,,0,1998,1998,235,dash -> Agriculture - products -> Agricultural products
375,Agriculture--products,Agricultural products,dash_format,,0,1999,1999,233,dash -> Agriculture - products -> Agricultural products
376,Aid,Aid,rename,,0,1990,1990,216,Foreign aid commitments (US/Western bilateral); different concept from Budget
377,Airports - with unpaved runways,Airports - with unpaved runways,rename,,0,1997,2023,4923,
378,Appendix B,Appendix B,rename,,0,1990,1999,4,
379,Appendix E,Appendix E,rename,,0,1990,1999,4,
380,Appendix G,Appendix G,rename,,0,1994,1999,4,
381,Appendix H,Appendix H,rename,,0,1998,1999,2,
382,arable land,arable land,noise,,1,1994,1994,262,
383,Article 5,Article 5,noise,,1,1994,1996,3,
384,Attn.,Attn.,noise,,1,1994,1998,2,
385,Chamber of Deputies (Vouli ton Ellinon),Legislative branch,country_specific,,0,1994,1995,2,
386,Chamber of Representatives (Camera de Representantes),Legislative branch,country_specific,,0,1994,1995,2,
387,Chamber of Representatives (Majlis Nawab),Legislative branch,country_specific,,0,1994,1996,3,
388,chief of mission,chief of mission,noise,,1,1994,1994,337,
389,chief of state and head of government,chief of state and head of government,noise,,1,1994,1995,60,
390,Child labor - children ages 5-14,Child labor - children ages 5-14,rename,,0,2013,2016,389,
391,co-chiefs of state,co-chiefs of state,noise,,1,1994,1994,1,
392,Commercial bank prime lending rate,Commercial bank prime lending rate,rename,,0,2008,2019,2277,
393,Communist origin,Communist origin,noise,,1,1995,1995,1,
394,Council of State,Legislative branch,country_specific,,0,1994,1996,8,
395,"countries have figures of more than $10,000; the 34 DCs are","countries have figures of more than $10,000; the 34 DCs are",noise,,1,1993,1993,1,
396,Credit ratings,Credit ratings,rename,,0,2020,2024,773,
397,current issues,current issues,noise,,1,1994,1998,297,
398,Death rate,Death rate,identity,,0,1990,2025,8414,
399,December 1997,December 1997,noise,,1,1998,1998,1,
400,Defense expenditures,Military expenditures,rename,,0,1990,1996,1294,
401,E,E,noise,,1,1992,1994,3,
402,Ease of Doing Business Index scores,Ease of Doing Business Index scores,rename,,0,2020,2020,190,
403,Economy - overview,Economic overview,rename,,0,1997,2019,5531,
404,Education expenditures,Education expenditure,rename,,0,2008,2025,3831,
405,Electricity - consumption per capita,Electricity - consumption per capita,consolidation,Energy consumption per capita,0,1997,1997,242,
406,Electricity - production,Electricity - production,consolidation,Electricity,0,1997,2021,5217,
407,Exports - commodities,Exports - commodities,identity,,0,2000,2025,6076,
408,Federal Assembly (Bundestag),Legislative branch,country_specific,,0,1994,1996,3,
409,Federal Council (Bundesrat),Legislative branch,country_specific,,0,1994,1996,6,
410,Federal Senate (Senado Federal),Legislative branch,country_specific,,0,1994,1996,3,
411,Federation Council,Legislative branch,country_specific,,0,1994,1996,3,
412,frequently shifting,frequently shifting,noise,,1,1994,1994,1,
413,GDP (purchasing power parity) - real,Real GDP (purchasing power parity),rename,,0,2020,2020,237,
414,GDP composition by sector,"GDP - composition, by sector of origin",rename,,0,1996,1996,226,
415,GDR,GDR,noise,,1,1992,1992,1,
416,Gibraltar Council,Legislative branch,country_specific,,0,1994,1996,3,
417,GNP,GNP,rename,,0,1990,1998,132,Gross National Product (different measure from GDP; CIA used GNP 1990-1992 before switching to GDP)
418,GNP/GDP methodology,GNP/GDP methodology,country_specific,,0,1992,1994,3,reference entry
419,Gross domestic product (GDP),Gross domestic product (GDP),country_specific,,0,1992,1994,3,reference entry
420,Gross national product,Gross national product,country_specific,,0,1998,1998,1,reference entry
421,Gross reproduction rate,Gross reproduction rate,identity,,0,2023,2025,683,
422,Gross world product,Gross world product,country_specific,,0,1998,1998,1,reference entry
423,Growth rate (population),Population growth rate,rename,,0,1992,1994,3,
424,GWP (gross world product),GWP (gross world product),country_specific,,0,1990,1992,3,reference entry
425,Heliports,Heliports,identity,,0,1996,2025,2993,
426,Higher Transitional Council (Conseil Superieur de Transition,Legislative branch,country_specific,,0,1996,1996,1,
427,HIV/AIDS - adult prevalence rate,HIV/AIDS - adult prevalence rate,rename,,0,2001,2022,5217,
428,HIV/AIDS - deaths,HIV/AIDS - deaths,rename,,0,2001,2021,4963,
429,Home Island,Home Island,country_specific,,0,1994,1996,3,regional sub-entry
430,House of Representatives (commonly called Parliament),Legislative branch,country_specific,,0,1996,1996,1,
431,International organization participation,International organization participation,identity,,0,1996,2025,7044,
432,Internet hosts,Internet hosts,rename,,0,2004,2014,2496,
433,Internet users,Internet users,identity,,0,2001,2025,5762,
434,Introduction,Introduction,country_specific,,0,1998,1998,1,reference entry
435,ISO 3166,ISO 3166,country_specific,,0,1998,1999,3,reference entry
436,Judicial branch,Judicial branch,identity,,0,1990,2025,8346,
437,Key space-program milestones,Key space-program milestones,identity,,0,2025,2025,71,
438,Labor force - by occupation,Labor force - by occupation,rename,,0,2000,2023,5221,
439,Lagting,Legislative branch,country_specific,,0,1994,1994,1,
440,Land use,Land use,identity,,0,1990,2025,10113,
441,Legal system,Legal system,identity,,0,1990,2025,8915,
442,Legislative branch,Legislative branch,identity,,0,1990,2025,8362,
443,Median age,Median age,identity,,0,2003,2025,5250,
444,Military boundary line,Military boundary line,consolidation,Maritime claims,0,1990,1994,2,
445,Money figures,Money figures,country_specific,,0,1992,1998,4,reference entry
446,Montenegro - 15-64 years,Montenegro - 15-64 years,country_specific,,0,1996,1996,2,regional sub-entry
447,Montenegro - 65 years and over,Montenegro - 65 years and over,country_specific,,0,1996,1996,2,regional sub-entry
448,National Assembly (Asamblea Nacional),Legislative branch,country_specific,,0,1994,1996,4,
449,National Assembly of People's Power,Legislative branch,country_specific,,0,1994,1994,1,
450,National Resistance Council,Legislative branch,country_specific,,0,1994,1995,2,
451,Natural gas - production,Natural gas - production,consolidation,Natural gas,0,2003,2021,3763,
452,"non-Communist, non-Solidarity","non-Communist, non-Solidarity",noise,,1,1994,1994,3,
453,opposition,opposition,noise,,1,1994,2001,9,
454,Parliament (Folketing),Legislative branch,country_specific,,0,1994,1996,3,
455,paved or graveled,paved or graveled,noise,,1,1994,1994,1,
456,paved or gravelled,paved or gravelled,noise,,1,1994,1994,2,
457,Peninsular Malaysia,Peninsular Malaysia,country_specific,,0,1994,1999,22,regional sub-entry
458,People's Council (Majlis al-Chaab),Legislative branch,country_specific,,0,1994,1994,1,
459,Political parties,Political parties,identity,,0,1990,2025,488,
460,Political pressure groups and leaders,Political parties,rename,,0,1997,2017,4282,
461,4) Economic and Social Council (ECOSOC),Legislative branch,country_specific,,0,1992,1994,3,
462,Antarctic Treaty Summary,Antarctic Treaty Summary,country_specific,,0,1990,1996,4,reference entry
463,Appendix C,Appendix C,rename,,0,1990,1998,3,
464,Area - comparative,Area - comparative,identity,,0,1997,2025,7101,
465,"Article 12, 13, 14","Article 12, 13, 14",noise,,1,1994,1994,1,
466,Article 6,Article 6,noise,,1,1994,1996,3,
467,Assembly (Majlis),Legislative branch,country_specific,,0,1994,1996,3,
468,Assembly were held at the end of the year as follows,Legislative branch,country_specific,,0,1996,1996,1,
469,avdp.,avdp.,noise,,1,1992,1992,1,
470,Bathymetry,Bathymetry,identity,,0,2022,2025,20,
471,Birth rate,Birth rate,identity,,0,1990,2025,8418,
472,Budget,Budget,identity,,0,1990,2025,7902,
473,Canadian dollars,Canadian dollars,country_specific,,0,1994,1996,3,regional sub-entry
474,Capital,Capital,identity,,0,1990,2025,8067,
475,Chamber of Deputies (Camara dos Deputados),Legislative branch,country_specific,,0,1994,1996,3,
476,Chamber of Municipalities (Vijece Opeina),Legislative branch,country_specific,,0,1994,1996,3,
477,chancery,chancery,noise,,1,1994,1994,168,
478,Chief of State and Head of Government (Druk Gyalpo),Chief of State and Head of Government (Druk Gyalpo),noise,,1,1996,1996,1,
479,chief regional parties,chief regional parties,noise,,1,1994,1994,1,
480,chiefs of state,chiefs of state,noise,,1,1994,1994,1,
481,Climate,Climate,identity,,0,1990,2025,10796,
482,Communications,Communications,country_specific,,0,1998,1998,1,reference entry
483,Communists,Political parties,rename,,0,1990,1996,431,
484,Congress,Legislative branch,country_specific,,0,1994,1996,5,
485,Congress of Deputies (Congreso de los Diputados),Legislative branch,country_specific,,0,1994,1996,3,
486,Constitution,Constitution,identity,,0,1990,2025,8391,
487,Digraph,Digraph,country_specific,,0,1992,1995,799,reference entry
488,donor,donor,noise,,1,1994,1994,25,
489,Economic aid,Economic aid,rename,,0,1991,1998,1647,
490,Economic aid--recipient,Economic aid,dash_format,,0,1999,1999,214,dash -> Economic aid - recipient -> Economic aid
491,Electricity,Electricity,identity,,0,1990,2025,2261,
492,Electricity - from hydroelectric plants,Electricity - from hydroelectric plants,consolidation,Electricity generation sources,0,2012,2021,2142,
493,Electricity - from nuclear fuels,Electricity - from nuclear fuels,consolidation,Electricity generation sources,0,2012,2021,2142,
494,Electricity - installed generating capacity,Electricity - installed generating capacity,consolidation,Electricity,0,2012,2021,2149,
495,Electricity generation sources,Electricity generation sources,identity,,0,2022,2025,849,
496,embassy,embassy,noise,,1,1994,1994,162,
497,Environmental Agreements and Appendix E,Environmental Agreements and Appendix E,country_specific,,0,1994,1994,1,reference entry
498,Ethnic divisions,Ethnic groups,rename,,0,1990,1996,1592,
499,Ethnic groups,Ethnic groups,identity,,0,1997,2025,6843,
500,Exchange rate,Exchange rates,rename,,0,1993,1994,2,
501,Exports,Exports,identity,,0,1990,2025,8370,
502,Exports--commodities,Exports - commodities,dash_format,,0,1999,1999,233,dash -> Exports - commodities
503,Exports--partners,Exports - partners,dash_format,,0,1999,1999,232,dash -> Exports - partners
504,f.o.b.,f.o.b.,noise,,1,1992,1992,1,
505,Far-Left parties,Far-Left parties,noise,,1,1994,1998,5,
506,female,female,noise,,1,1994,1994,464,
507,forest and woodland,forest and woodland,noise,,1,1994,1994,262,
508,FRG,FRG,noise,,1,1992,1992,1,
509,GDP,Real GDP (purchasing power parity),rename,,0,1990,2004,2637,
510,"GDP - composition, by end use","GDP - composition, by end use",identity,,0,2013,2025,2694,
511,GDP - real growth rate,Real GDP growth rate,rename,,0,1997,2019,4893,
512,GDP real growth rate,Real GDP growth rate,rename,,0,1996,2020,457,
513,GDP-per capita,Real GDP per capita,dash_format,,0,1998,1998,235,dash -> GDP - per capita -> Real GDP per capita
514,GDP--per capita,Real GDP per capita,dash_format,,0,1999,1999,235,dash -> GDP - per capita -> Real GDP per capita
515,General Fono,Legislative branch,country_specific,,0,1996,1996,1,
516,Geoparks,Geoparks,identity,,0,2024,2025,96,
517,"George*, Saint Georges, Sandys, Smiths, Southampton, Warwick, Independence","George*, Saint Georges, Sandys, Smiths, Southampton, Warwick, Independence",noise,,1,1993,1993,1,
518,Georgian Parliament (Supreme Soviet),Legislative branch,country_specific,,0,1994,1995,2,
519,Government note,Government - note,rename,,0,1996,1996,3,
520,Greek area - agriculture,Greek area - agriculture,country_specific,,0,1996,1996,1,regional sub-entry
521,Greek area - total,Greek area - total,country_specific,,0,1996,1996,1,regional sub-entry
522,Greek area - unpaved,Greek area - unpaved,country_specific,,0,1996,1996,1,regional sub-entry
523,Head of Government,Executive branch,rename,,0,1994,1996,179,
524,Herzegovina,Herzegovina,country_specific,,0,1997,1999,3,regional sub-entry
525,Highways,Roadways,rename,,0,1990,2005,3518,
526,House of Assembly,Legislative branch,country_specific,,0,1990,1996,30,
527,House of Representatives (Dewan Perwakilan Rakyat or DPR),Legislative branch,country_specific,,0,1995,1996,2,
528,Household income or consumption by percentage share,Household income or consumption by percentage share,identity,,0,1999,2025,5994,
529,Imports - commodities,Imports - commodities,identity,,0,2000,2025,6065,
530,Imports - partners,Imports - partners,identity,,0,2000,2025,5524,
531,Imports--commodities,Imports - commodities,dash_format,,0,1999,1999,233,dash -> Imports - commodities
532,Infant mortality rate,Infant mortality rate,identity,,0,1990,2025,8397,
533,international agreements,international agreements,noise,,1,1994,1994,265,
534,Islamic Consultative Assembly,Legislative branch,country_specific,,0,1994,1994,1,
535,Islamic Consultative Assembly (Majles-e-Shura-ye-Eslami),Legislative branch,country_specific,,0,1995,1996,2,
536,Japanese yen,Japanese yen,country_specific,,0,1994,1996,3,regional sub-entry
537,Labor force,Labor force,identity,,0,1990,2025,8367,
538,Legislature,Legislative branch,rename,,0,1994,1996,3,
539,local long form,local long form,noise,,1,1994,1994,143,
540,Major rivers (by length in km),Major rivers (by length in km),identity,,0,2021,2025,729,
541,Manpower availability,Manpower availability,rename,,0,1991,1996,1097,"Males 15-49 fit for military service (demographic data, not actual personnel counts)"
542,mate,mate,noise,,1,1994,1994,1,
543,Member states,Member states,identity,,0,2004,2025,22,
544,Military branches,Military and security forces,rename,,0,1997,2018,4665,
545,Moderates or M made up of 2 parties,Moderates or M made up of 2 parties,noise,,1,1997,1997,1,
546,Montenegro - males age 15-49,Montenegro - males age 15-49,country_specific,,0,1996,1996,1,regional sub-entry
547,NA,NA,noise,,1,1992,1992,1,
548,Names,Country name,rename,,0,1993,1995,522,
549,National air transport system,National air transport system,identity,,0,2016,2024,1735,
550,National anthem(s),National anthem(s),identity,,0,2025,2025,238,
551,National Assembly (Arabic - Majlis Alnuwab French - Assembl,Legislative branch,country_specific,,0,1996,1996,1,
552,National Assembly (Kukhoe),Legislative branch,country_specific,,0,1994,1996,3,
553,National Council (Conseil National),Legislative branch,country_specific,,0,1994,1996,3,
554,National Council (Nationalrat),Legislative branch,country_specific,,0,1994,1996,3,
555,Sabah,Sabah,country_specific,,0,1994,1998,21,regional sub-entry
556,Sandinista umbrella group of eight labor unions,Sandinista umbrella group of eight labor unions,noise,,1,1995,1995,1,
557,Serbia,Serbia,country_specific,,0,1994,1998,34,regional sub-entry
558,Serbia - 65 years and over,Serbia - 65 years and over,country_specific,,0,1996,1996,2,regional sub-entry
559,Serbia - at birth,Serbia - at birth,country_specific,,0,1996,1996,1,regional sub-entry
560,Serbia - male,Serbia - male,country_specific,,0,1996,1996,1,regional sub-entry
561,"Shi**, Xinjiang*, Xizang* (Tibet), Yunnan, Zhejiang,  note","Shi**, Xinjiang*, Xizang* (Tibet), Yunnan, Zhejiang,  note",noise,,1,1993,1993,1,
562,State Duma,Legislative branch,country_specific,,0,1994,1996,3,
563,State Great Hural,Legislative branch,country_specific,,0,1994,1996,3,
564,Stock of narrow money,Stock of narrow money,rename,,0,2010,2019,1941,
565,Telephone numbers,Telephone numbers,country_specific,,0,1998,1998,1,reference entry
566,Telephones - main lines in use,Telephones - fixed lines,rename,,0,2000,2014,3531,
567,Terrorist groups - foreign based,Terrorist group(s),rename,,0,2017,2019,73,
568,Third National Assembly,Legislative branch,country_specific,,0,1994,1994,1,
569,Total area,Area,rename,,0,1990,1994,1026,
570,total population,total population,noise,,1,1994,1994,464,
571,Turkish Cypriot area,Turkish Cypriot area,country_specific,,0,1998,2001,11,regional sub-entry
572,"underdeveloped countries, undeveloped countries; the 174 LDCs are","underdeveloped countries, undeveloped countries; the 174 LDCs are",noise,,1,1994,1994,1,
573,United Nations System,United Nations System,country_specific,,0,1998,1998,1,reference entry
574,Urbanization,Urbanization,identity,,0,2009,2025,5048,
575,US,US,noise,,1,1992,1992,1,
576,US as FIPS 104-1,US as FIPS 104-1,noise,,1,1999,1999,1,
577,West Island,West Island,country_specific,,0,1994,1996,3,regional sub-entry
578,"West Midlands*, West Sussex, West Yorkshire*, Wiltshire,  Northern Ireland","West Midlands*, West Sussex, West Yorkshire*, Wiltshire,  Northern Ireland",noise,,1,1993,1993,1,
579,western-donor,western-donor,noise,,1,1994,1994,1,
580,"with runway 2,440-3,659 m","with runway 2,440-3,659 m",noise,,1,1994,1994,1,
581,"with runways 1,220-2,439 m","with runways 1,220-2,439 m",noise,,1,1994,1994,216,
582,with runways 1220-2439 m,with runways 1220-2439 m,noise,,1,1994,1994,1,
583,"with runways 2,440 to 3,659 m","with runways 2,440 to 3,659 m",noise,,1,1994,1994,1,
584,"with runways 2,440-3,659 m","with runways 2,440-3,659 m",noise,,1,1994,1994,233,
585,Youth unemployment rate (ages 15-24),Youth unemployment rate (ages 15-24),identity,,0,2022,2025,1061,
586,Zanzibar,Zanzibar,country_specific,,0,1994,1996,6,regional sub-entry
587,People-note,People - note,dash_format,,0,1998,1998,3,dash -> People - note
588,People--note,People - note,dash_format,,0,1999,1999,2,dash -> People - note
589,post-Solidarity bloc,post-Solidarity bloc,noise,,1,1994,1994,2,
590,Presidential Council,Legislative branch,country_specific,,0,1994,1996,6,
591,"Providencia**, Santander, Sucre, Tolima,,   Valle del Cauca, Vaupes*, Vichada*,  note","Providencia**, Santander, Sucre, Tolima,,   Valle del Cauca, Vaupes*, Vichada*,  note",noise,,1,1993,1993,1,
592,radical,radical,noise,,1,1994,1994,1,
593,Radio broadcast stations,Broadcast media,rename,,0,1996,2015,3635,
594,Real GDP per capita,Real GDP per capita,identity,,0,2021,2025,1138,
595,Republic Bloc (Hanrapetoutioun),Republic Bloc (Hanrapetoutioun),noise,,1,1997,1997,1,
596,Royal Advisory Council (Lodoi Tsokde),Legislative branch,country_specific,,0,1994,1996,3,
597,Saba,Saba,country_specific,,0,1994,1998,5,regional sub-entry
598,Senate (Flemish - Senaat French - Senat),Legislative branch,country_specific,,0,1996,1996,1,
599,Senate (Senato della Repubblica),Legislative branch,country_specific,,0,1994,1996,3,
600,Senate (Vuthisatha),Legislative branch,country_specific,,0,1994,1995,2,
601,Senate (Wuthisapha),Legislative branch,country_specific,,0,1996,1996,1,
602,Serbia - males age 15-49,Serbia - males age 15-49,country_specific,,0,1996,1996,1,regional sub-entry
603,"Sociodemocrats Group (GSP), an alliance of three radical parties","Sociodemocrats Group (GSP), an alliance of three radical parties",noise,,1,1996,1996,1,
604,Stock of direct foreign investment - at home,Stock of direct foreign investment - at home,rename,,0,2007,2019,1780,
605,Stock of domestic credit,Stock of domestic credit,rename,,0,2008,2019,2319,
606,Supreme Assembly (Oliy Majlis),Legislative branch,country_specific,,0,1996,1996,1,
607,Supreme Council of Rulers,Legislative branch,country_specific,,0,1994,1996,3,
608,Supreme Electoral Tribunal,Legislative branch,country_specific,,0,1995,1996,2,
609,Swiss nationals,Swiss nationals,country_specific,,0,1994,1996,3,regional sub-entry
610,tatal population,tatal population,noise,,1,1994,1994,1,
611,Telecommunications,Telecommunication systems,rename,,0,1990,1994,1199,
612,Telephones,Telephones - fixed lines,rename,,0,1996,1999,955,
613,The three types of finished intelligence are,The three types of finished intelligence are,noise,,1,1998,1998,1,
614,three-party ruling coalition,three-party ruling coalition,noise,,1,1994,1994,1,
615,"To find the beginning of any country, search for","To find the beginning of any country, search for",noise,,1,1992,1992,1,
616,Turkish sector,Turkish sector,country_specific,,0,1995,1995,2,regional sub-entry
617,Type of government,Government type,rename,,0,1996,1996,253,
618,UK,UK,noise,,1,1992,1992,1,
619,Union name,Union name,identity,,0,2004,2025,22,
620,ural resources,ural resources,noise,,1,1994,1994,1,
621,US District Court,Legislative branch,country_specific,,0,1994,1995,2,
622,water area,water area,noise,,1,1994,1994,1,
623,Weights and measures,Weights and measures,country_specific,,0,1998,1998,1,reference entry
624,western,western,noise,,1,1994,1994,11,
625,"with runways over 3,659 m","with runways over 3,659 m",noise,,1,1994,1994,232,
626,Wonders of the World,Wonders of the World,identity,,0,2023,2025,3,
627,World biomes,World biomes,identity,,0,2023,2025,3,
628,Years,Years,country_specific,,0,1992,1998,4,reference entry
629,Population distribution,Population distribution,identity,,0,2016,2025,4060,
630,Populist parties,Populist parties,noise,,1,1994,1998,7,
631,Preliminary statement,Preliminary statement,identity,,0,2004,2025,22,
632,Regional Council,Legislative branch,country_specific,,0,1994,1996,9,
633,Religion,Religions,rename,,0,1990,1991,427,
634,Religious Council,Legislative branch,country_specific,,0,1996,1996,1,
635,Republika Srpska,Republika Srpska,country_specific,,0,1997,1998,2,regional sub-entry
636,Resistance forces,Resistance forces,noise,,1,1994,1996,3,
637,Revenue from coal,Revenue from coal,identity,,0,2021,2024,748,
638,Rightists,Rightists,noise,,1,1994,1994,1,
639,ruling party,ruling party,noise,,1,1994,1994,3,
640,Senate (Dewan Negara),Legislative branch,country_specific,,0,1994,1996,3,
641,Senate (Seanad Eireann),Legislative branch,country_specific,,0,1994,1996,3,
642,Senate (Senat),Legislative branch,country_specific,,0,1994,1996,14,
643,Serbia - all ages,Serbia - all ages,country_specific,,0,1996,1996,1,regional sub-entry
644,Serbia - males fit for military service,Serbia - males fit for military service,country_specific,,0,1996,1996,1,regional sub-entry
645,"Sociodemocrats Group or GSP, an alliance of three radical parties","Sociodemocrats Group or GSP, an alliance of three radical parties",noise,,1,1997,1998,2,
646,State Council,Legislative branch,country_specific,,0,1994,1995,2,
647,Television,Broadcast media,rename,,0,1995,1995,245,
648,Television-broadcast stations,Broadcast media,rename,,0,1998,1998,1,
649,Territorial Court,Legislative branch,country_specific,,0,1994,1995,2,
650,Terrorist group(s),Terrorist group(s),identity,,0,2020,2025,512,
651,Terrorist groups - home based,Terrorist group(s),rename,,0,2017,2019,68,
652,"To find internal information, search for","To find internal information, search for",noise,,1,1992,1992,1,
653,treaty,treaty,noise,,1,1994,1994,1,
654,Turkish Grand National Assembly,Legislative branch,country_specific,,0,1994,1994,1,
655,unpaved,unpaved,noise,,1,1994,1994,231,
656,US diplomatic representation,Diplomatic representation from the US,rename,,0,1993,1996,745,
657,"US government, pending acceptable definition of the boundaries, are","US government, pending acceptable definition of the boundaries, are",noise,,1,1997,1997,1,
658,with runways over 3659,with runways over 3659,noise,,1,1994,1994,1,
659,Year-round stations,Year-round stations,country_specific,,0,1994,1996,3,regional sub-entry
660,Abbreviation,Abbreviation,country_specific,,0,1993,1995,48,reference entry
661,aim - to coordinate policy among the 12 members in three fields,aim - to coordinate policy among the 12 members in three fields,noise,,1,1994,1994,1,
662,aim-to promote the Olympic ideals and administer the Olympic games,aim-to promote the Olympic ideals and administer the Olympic games,noise,,1,1994,1994,1,
663,Airfield,Airports,rename,,0,1990,1991,2,
664,Airport,Airports,rename,,0,1990,1991,2,
665,Appendix D,Appendix D,rename,,0,1990,1999,4,
666,Appendixes,Appendixes,country_specific,,0,1998,1998,1,reference entry
667,Assembly of the States,Legislative branch,country_specific,,0,1994,1996,6,
668,Budget surplus (+) or deficit (-),Budget surplus (+) or deficit (-),rename,,0,2011,2023,2902,
669,cabinet,cabinet,noise,,1,1994,1994,221,
670,Carbon dioxide emissions from consumption of energy,Carbon dioxide emissions,rename,,0,2012,2020,1926,
671,Center-Right parties,Center-Right parties,noise,,1,1994,1998,7,
672,Chamber of Deputies (Camera dei Deputati),Legislative branch,country_specific,,0,1994,1996,3,
673,Chamber of Deputies (Chambre des Deputes),Legislative branch,country_specific,,0,1994,1996,5,
674,Chamber of Representatives,Legislative branch,country_specific,,0,1994,1994,1,
675,Chamber of Republics,Legislative branch,country_specific,,0,1994,1996,3,
676,chief of state,chief of state,noise,,1,1994,1996,177,
677,Citizens' Council (Majlis),Legislative branch,country_specific,,0,1994,1994,1,
678,Communications - note,Communications - note,identity,,0,1997,2025,221,
679,Communications note,Communications - note,rename,,0,1996,1996,3,
680,conventional short form,conventional short form,noise,,1,1994,1994,261,
681,Country name,Country name,identity,,0,1997,2025,7539,
682,Currency code,Exchange rates,rename,,0,2001,2004,943,
683,Current account balance,Current account balance,identity,,0,2004,2025,4226,
684,Currently married women (ages 15-49),Currently married women (ages 15-49),identity,,0,2023,2025,626,
685,cut the real output of these countries by half.  One additional caution,cut the real output of these countries by half.  One additional caution,noise,,1,1994,1994,1,
686,Dates of information,Dates of information,country_specific,,0,1992,1998,4,reference entry
687,Dependency ratios,Dependency ratios,identity,,0,2013,2025,2819,
688,Dependency status,Dependency status,identity,,0,1997,2025,1664,
689,Dependent area,Dependency status,rename,,0,1990,1991,2,
690,Diet (Landtag),Legislative branch,country_specific,,0,1994,1996,3,
691,Disputes-international,Disputes - international,dash_format,,0,1998,1998,265,dash -> Disputes - international
692,Disputes--international,Disputes - international,dash_format,,0,1999,1999,264,dash -> Disputes - international
693,Distribution of family income - Gini index,Gini Index coefficient - distribution of family income,rename,,0,2002,2019,2420,
694,eastern,eastern,noise,,1,1994,1994,11,
695,Economic aid - donor,Economic aid,rename,,0,2000,2007,200,
696,Economic aid - recipient,Economic aid,rename,,0,2000,2008,1659,
697,Economic aid--donor,Economic aid,dash_format,,0,1999,1999,22,dash -> Economic aid - donor -> Economic aid
698,Economy-overview,Economic overview,dash_format,,0,1998,1998,267,dash -> Economy - overview -> Economic overview
699,Economy--overview,Economic overview,dash_format,,0,1999,1999,266,dash -> Economy - overview -> Economic overview
700,Electricity - consumption,Electricity - consumption,consolidation,Electricity,0,2000,2021,4963,
701,Electricity - from fossil fuels,Electricity - from fossil fuels,consolidation,Electricity generation sources,0,2012,2021,2141,
702,Electricity - production by source,Electricity - production by source,consolidation,Electricity generation sources,0,2000,2003,923,
703,Electricity access,Electricity access,identity,,0,2016,2025,2205,
704,Electricity-capacity,Electricity - capacity,dash_format,Electricity,0,1998,1998,241,dash -> Electricity - capacity (consolidated)
705,Electricity--consumption,Electricity - consumption,dash_format,Electricity,0,1999,1999,239,dash -> Electricity - consumption (consolidated)
706,Environment-current issues,Environment - current issues,dash_format,,0,1998,1998,267,dash -> Environment - current issues
707,Environment--current issues,Environment - current issues,dash_format,,0,1999,1999,266,dash -> Environment - current issues
708,exclusive economic zone,exclusive economic zone,noise,,1,1990,1994,124,
709,Ex-Im,Ex-Im,noise,,1,1992,1992,1,
710,Faroese Parliament (Lgting),Legislative branch,country_specific,,0,1994,1994,1,
711,First Chamber (Eerste Kamer),Legislative branch,country_specific,,0,1994,1996,3,
712,French Senate,Legislative branch,country_specific,,0,1994,1996,27,
713,FY,FY,noise,,1,1992,1992,1,
714,General Council of the Valleys (Consell General de las Valls,Legislative branch,country_specific,,0,1996,1996,1,
715,General People's Congress,Legislative branch,country_specific,,0,1994,1994,1,
716,Geographic note,Geography - note,rename,,0,1996,1996,207,
717,German deutsche marks,German deutsche marks,country_specific,,0,1994,1996,3,regional sub-entry
718,Government - note,Government - note,identity,,0,1997,2025,79,
719,government coalition,government coalition,noise,,1,1994,1994,2,
720,Government type,Government type,identity,,0,1997,2025,6802,
721,Greek area - paved,Greek area - paved,country_specific,,0,1996,1996,1,regional sub-entry
722,GRT,GRT,noise,,1,1992,1992,1,
723,Historical perspective,Historical perspective,country_specific,,0,1997,1998,9,reference entry
724,House of Chiefs,Legislative branch,country_specific,,0,1994,1996,3,
725,House of Delegates,Legislative branch,country_specific,,0,1994,1996,3,
726,House of Lords,Legislative branch,country_specific,,0,1994,1996,3,
727,House of People's Representatives,Legislative branch,country_specific,,0,1994,1994,1,
728,House of Representatives (Predstavnicke Dom),Legislative branch,country_specific,,0,1994,1995,2,
729,House of Representatives (Vouli Antiprosopon),Legislative branch,country_specific,,0,1994,1994,1,
730,House of Representatives(Saphaphoothan-Rajsadhorn),Legislative branch,country_specific,,0,1994,1994,1,
731,IHO 23-4th,IHO 23-4th,country_specific,,0,1998,1999,2,reference entry
732,Industrial production,Industrial production growth rate,rename,,0,1990,1995,1362,
733,Industrial production growth rate,Industrial production growth rate,identity,,0,1996,2025,6814,
734,km,km,noise,,1,1992,1992,1,
735,Language,Languages,rename,,0,1990,1991,432,
736,Leftist parties,Leftist parties,noise,,1,1998,1998,1,
737,Legislative branch - upper chamber,Legislative branch - upper chamber,identity,,0,2025,2025,84,
738,Legislative Council (Majlis Masyuarat Megeri),Legislative branch,country_specific,,0,1994,1996,3,
739,Majlis in early 2000,Legislative branch,country_specific,,0,2001,2001,1,
740,Major cities - population,Major urban areas - population,rename,,0,2011,2012,408,
741,Major ocean currents,Major ocean currents,identity,,0,2022,2025,20,
742,Military expenditures - percent of GDP,Military expenditures,consolidation,Military expenditures,0,1997,2007,1763,
743,Military manpower-availability,Military manpower - availability,dash_format,Military and security service personnel strengths,0,1998,1998,175,dash -> Military manpower - availability (consolidated)
744,Military manpower--availability,Military manpower - availability,dash_format,Military and security service personnel strengths,0,1999,1999,173,dash -> Military manpower - availability (consolidated)
745,Military service age and obligation,Military service age and obligation,identity,,0,2005,2025,3691,
746,National Assembly,Legislative branch,country_specific,,0,1994,1996,50,
747,People's Assembly (Majlis al-Cha'b),Legislative branch,country_specific,,0,1994,1994,1,
748,Physician density,Physician density,identity,,0,2024,2025,428,
749,Pipelines,Pipelines,identity,,0,1990,2024,4225,
750,Population - distribution,Population distribution,rename,,0,2016,2017,366,
751,Population below poverty line,Population below poverty line,rename,,0,1999,2025,5819,
752,Radio,Broadcast media,rename,,0,1995,1995,245,
753,Real GDP growth rate,Real GDP growth rate,identity,,0,2021,2025,1134,
754,Refined petroleum products - production,Refined petroleum products - production,consolidation,Petroleum,0,2012,2023,2600,
755,"Sarawak, Selangor, Terengganu, Wilayah Persekutuan*, Independence","Sarawak, Selangor, Terengganu, Wilayah Persekutuan*, Independence",noise,,1,1993,1993,1,
756,School life expectancy (primary to tertiary education),School life expectancy (primary to tertiary education),identity,,0,2008,2025,3217,
757,Second Chamber (Tweede Kamer),Legislative branch,country_specific,,0,1994,1996,3,
758,Seimas (parliament),Legislative branch,country_specific,,0,1994,1996,3,
759,Serbia - 15-64 years,Serbia - 15-64 years,country_specific,,0,1996,1996,2,regional sub-entry
760,Serbia - under 15 years,Serbia - under 15 years,country_specific,,0,1996,1996,1,regional sub-entry
761,Shipyards and Ship Building,Shipyards and Ship Building,country_specific,,0,2012,2012,2,reference entry
762,south,south,noise,,1,1994,1994,2,
763,southwest,southwest,noise,,1,1994,1994,1,
764,Space program overview,Space program overview,identity,,0,2023,2025,240,
765,State Assembly,Legislative branch,country_specific,,0,1994,1995,2,
766,Supreme Council,Legislative branch,country_specific,,0,1994,1996,6,
767,supreme leader and functional chief of state,supreme leader and functional chief of state,noise,,1,1994,1994,1,
768,Taxes and other revenues,Taxes and other revenues,rename,,0,2011,2025,3252,
769,Telephone system,Telecommunication systems,rename,,0,1995,2019,6059,
770,Telephones - mobile cellular,Telephones - mobile cellular,identity,,0,2000,2025,5895,
771,Territorial Assembly,Legislative branch,country_specific,,0,1994,1996,6,
772,Territorial sea,Maritime claims,rename,,0,1990,1994,419,
773,"than $10,000; the 35 DCs are","than $10,000; the 35 DCs are",noise,,1,1994,1994,1,
774,Transportation,Transportation,country_specific,,0,1998,1998,1,reference entry
775,Transportation-note,Transportation - note,dash_format,,0,1998,1998,8,dash -> Transportation - note
776,Transportation--note,Transportation - note,dash_format,,0,1999,1999,7,dash -> Transportation - note
777,Turkish area - industry,Turkish area - industry,country_specific,,0,1996,1996,1,regional sub-entry
778,Turkish area - total,Turkish area - total,country_specific,,0,1996,1996,1,regional sub-entry
779,undeveloped countries. The 42 LLDCs are,undeveloped countries. The 42 LLDCs are,noise,,1,1993,1993,1,
780,US--Ambassador (vacant),US--Ambassador (vacant),noise,,1,1990,1990,1,
781,USSR,USSR,noise,,1,1992,1992,1,
782,"Voiotia, Xanthi, Zakinthos, autonomous region","Voiotia, Xanthi, Zakinthos, autonomous region",noise,,1,1995,1995,1,
783,whereas real output has remained unchanged. One additional caution,whereas real output has remained unchanged. One additional caution,noise,,1,1993,1993,1,
784,"with runway 1,220-2,439 m","with runway 1,220-2,439 m",noise,,1,1994,1994,1,
785,"with runways 1,060-2,439 m","with runways 1,060-2,439 m",noise,,1,1994,1994,17,
786,"with runways 1,229-2,439 m","with runways 1,229-2,439 m",noise,,1,1994,1994,2,
787,YAR,YAR,noise,,1,1992,1992,1,
788,majority party,majority party,noise,,1,1994,1994,1,
789,Masses) includes,Masses) includes,noise,,1,2001,2001,1,
790,meadows and pastures,meadows and pastures,noise,,1,1994,1994,262,
791,Military equipment inventories and acquisitions,Military equipment inventories and acquisitions,identity,,0,2020,2025,1085,
792,Military expenditures,Military expenditures,identity,,0,2008,2025,3099,
793,Military manpower - availability,Military manpower - availability,consolidation,Military and security service personnel strengths,0,1997,2004,1070,
794,Military manpower - fit for military service,Military manpower - fit for military service,consolidation,Military and security service personnel strengths,0,1997,2004,1071,
795,Military manpower-fit for military service,Military manpower - fit for military service,dash_format,Military and security service personnel strengths,0,1998,1998,175,dash -> Military manpower - fit for military service (consolidated)
796,Military manpower--fit for military service,Military manpower - fit for military service,dash_format,Military and security service personnel strengths,0,1999,1999,174,dash -> Military manpower - fit for military service (consolidated)
797,Military-note,Military - note,dash_format,,0,1998,1998,75,dash -> Military - note
798,Military--note,Military - note,dash_format,,0,1999,1999,82,dash -> Military - note
799,Montenegro - 0-14 years,Montenegro - 0-14 years,country_specific,,0,1996,1996,1,regional sub-entry
800,Montenegro - all ages,Montenegro - all ages,country_specific,,0,1996,1996,1,regional sub-entry
801,Montenegro - at birth,Montenegro - at birth,country_specific,,0,1996,1996,1,regional sub-entry
802,Montenegro - female,Montenegro - female,country_specific,,0,1996,1996,1,regional sub-entry
803,Montenegro - male,Montenegro - male,country_specific,,0,1996,1996,1,regional sub-entry
804,Montenegro - males reach military age (19) annually,Montenegro - males reach military age (19) annually,country_specific,,0,1996,1996,1,regional sub-entry
805,Name of country,Country name,rename,,0,1996,1996,258,
806,National anthem,National anthem(s),rename,,0,2010,2025,3582,
807,National Assembly (Majlisi Oli),Legislative branch,country_specific,,0,1996,1996,1,
808,National Assembly (Quoc-Hoi),Legislative branch,country_specific,,0,1994,1996,3,
809,National coat of arms,National coat of arms,identity,,0,2025,2025,55,
810,National heritage,National heritage,identity,,0,2022,2025,705,
811,National holidays,National holiday,rename,,0,1990,1991,4,
812,National product,Real GDP (purchasing power parity),rename,,0,1993,1995,700,
813,National Progressive Front (NPF) includes,National Progressive Front (NPF) includes,noise,,1,1999,1999,1,
814,Natural gas - imports,Natural gas - imports,consolidation,Natural gas,0,2003,2021,3543,
815,NEGL,NEGL,noise,,1,1992,1992,1,
816,Oil - imports,Oil - imports,consolidation,Petroleum,0,2003,2011,1900,
817,Oil - production,Oil - production,consolidation,Petroleum,0,2003,2011,1915,
818,Organized labor,Organized labor,rename,,0,1990,1992,666,Trade unions and organized workers; different concept from total Labor force
819,Other political or pressure groups,Political parties,rename,,0,1990,1996,678,
820,Other political pressure groups,Political parties,rename,,0,1990,1991,2,
821,Parliament (Eduskunta),Legislative branch,country_specific,,0,1994,1996,3,
822,Parliament (Nitijela),Legislative branch,country_specific,,0,1994,1996,3,
823,Parliament (Saeima),Legislative branch,country_specific,,0,1994,1996,3,
824,Particulate matter emissions,Particulate matter emissions,identity,,0,2025,2025,196,
825,People's Assembly (Pyithu Hluttaw),Legislative branch,country_specific,,0,1994,1994,1,
826,Physicians density,Physician density,rename,,0,2011,2023,2544,
827,Political parties and leaders,Political parties,rename,,0,1990,2023,7642,
828,Political parties and pressure groups,Political parties and pressure groups,noise,,1,1990,1991,2,
829,Population,Population,identity,,0,1990,2025,9332,
830,Ports and harbors,Ports,rename,,0,1997,2005,2387,
831,Ports and terminals,Ports,rename,,0,2006,2023,4308,
832,post-Solidarity parties,post-Solidarity parties,noise,,1,1994,1994,1,
833,Privy Council,Legislative branch,country_specific,,0,1994,1996,7,
834,production,production,noise,,1,1994,1994,234,
835,pro-government,pro-government,noise,,1,1994,1994,3,
836,Progress of Chile consists mainly of three parties,Progress of Chile consists mainly of three parties,noise,,1,1995,1995,1,
837,Railroads,Railways,rename,,0,1990,1995,992,
838,Remittances,Remittances,identity,,0,2024,2025,405,
839,Revolutionary Command Council,Legislative branch,country_specific,,0,1994,1996,3,
840,Sarawak,Sarawak,country_specific,,0,1994,1999,22,regional sub-entry
841,Serbia - total population,Serbia - total population,country_specific,,0,1996,1996,1,regional sub-entry
842,"Serbia, Vojvodina*, Independence","Serbia, Vojvodina*, Independence",noise,,1,1993,1993,1,
843,Sint Maarten,Sint Maarten,country_specific,,0,1994,1998,5,regional sub-entry
844,Soviet members as follows,Legislative branch,country_specific,,0,1998,1998,1,
845,Space launch site(s),Space launch site(s),identity,,0,2023,2025,101,
846,Stock of direct foreign investment - abroad,Stock of direct foreign investment - abroad,rename,,0,2007,2019,1630,
847,Stock of quasi money,Stock of narrow money,rename,,0,2008,2009,378,
848,Summer (January) population,Summer (January) population,country_specific,,0,1994,1996,3,regional sub-entry
849,Television broadcast stations,Broadcast media,rename,,0,1996,2015,3591,
850,Terminology,Terminology,country_specific,,0,1998,1998,1,reference entry
851,Terrain,Terrain,identity,,0,1990,2025,9413,
852,The three are mutually supportive,The three are mutually supportive,noise,,1,1998,1998,1,
853,Turkish area - agriculture,Turkish area - agriculture,country_specific,,0,1996,1996,1,regional sub-entry
854,Turkish area - paved,Turkish area - paved,country_specific,,0,1996,1996,1,regional sub-entry
855,US Interests Section,US Interests Section,noise,,1,1994,1995,2,
856,Waste and recycling,Waste and recycling,identity,,0,2021,2025,1085,
857,Waterways,Waterways,rename,,0,1996,2024,4001,
858,Winter (July) population,Winter (July) population,country_specific,,0,1994,1996,3,regional sub-entry
859,"with runway over 3,659 m","with runway over 3,659 m",noise,,1,1994,1994,3,
860,"with runways 1,200 to 2,439 m","with runways 1,200 to 2,439 m",noise,,1,1994,1994,1,
861,"with runways 1,200-2,439 m","with runways 1,200-2,439 m",noise,,1,1994,1994,1,
862,"with runways 2,440-2,659 m","with runways 2,440-2,659 m",noise,,1,1994,1994,1,
863,Zanzibar House of Representatives,Legislative branch,country_specific,,0,1998,1999,2,
864,National holiday,National holiday,identity,,0,1990,2025,8349,
865,National People's Congress,Legislative branch,country_specific,,0,1994,1994,1,
866,National product per capita,Real GDP per capita,rename,,0,1993,1995,698,
867,National symbol(s),National symbol(s),identity,,0,2011,2025,3274,
868,Nationality,Nationality,identity,,0,1990,2025,8129,
869,Natural gas,Natural gas,identity,,0,2022,2025,705,
870,Natural gas - exports,Natural gas - exports,consolidation,Natural gas,0,2003,2021,3545,
871,non-Africans,non-Africans,noise,,1,1994,1994,1,
872,Notes,Notes,country_specific,,0,1990,1991,2,reference entry
873,Ocean volume,Ocean volume,identity,,0,2022,2025,20,
874,Oil - consumption,Oil - consumption,consolidation,Petroleum,0,2003,2011,1914,
875,Oil - exports,Oil - exports,consolidation,Petroleum,0,2003,2011,1898,
876,Opposition parties,Opposition parties,noise,,1,1990,1994,4,
877,other,other,noise,,1,1994,1994,263,
878,Other political groups,Political parties,rename,,0,1990,1990,1,
879,Parliament,Legislative branch,country_specific,,0,1994,1996,23,
880,parliament (Knesset),Legislative branch,country_specific,,0,1994,1994,1,
881,paved and gravel,paved and gravel,noise,,1,1994,1994,5,
882,pro-market democrats,pro-market democrats,noise,,1,1994,1994,1,
883,protocol,protocol,noise,,1,1994,1994,2,
884,Public debt,Public debt,identity,,0,2004,2025,3707,
885,rain,rain,noise,,1,1994,1994,1,
886,Refugees and internally displaced persons,Refugees and internally displaced persons,identity,,0,2004,2025,2603,
887,Regional Assembly,Legislative branch,country_specific,,0,1994,1996,3,
888,Reserves of foreign exchange & gold,Reserves of foreign exchange and gold,rename,,0,2004,2004,148,
889,Roadways,Roadways,identity,,0,2006,2024,4356,
890,Sanitation facility access,Sanitation facility access,identity,,0,2011,2025,3198,
891,"Saskatchewan, Yukon Territory*, Independence","Saskatchewan, Yukon Territory*, Independence",noise,,1,1993,1993,1,
892,Senate (Senate),Legislative branch,country_specific,,0,1996,1996,1,
893,Sex ratio,Sex ratio,identity,,0,1996,2025,6978,
894,Sint Eustatius,Sint Eustatius,country_specific,,0,1994,1999,6,regional sub-entry
895,southeast,southeast,noise,,1,1994,1994,1,
896,"Soviet Union, two German states were formed in 1949",Legislative branch,country_specific,,0,1999,1999,1,
897,"State, Rangoon*, Sagaing*, Shan,   State, Tenasserim*, Independence","State, Rangoon*, Sagaing*, Shan,   State, Tenasserim*, Independence",noise,,1,1993,1993,1,
898,Staten,Legislative branch,country_specific,,0,1994,1996,3,
899,Storting,Legislative branch,country_specific,,0,1994,1996,3,
900,Summer only stations,Summer only stations,country_specific,,0,1994,1995,2,regional sub-entry
901,Summer-only stations,Summer-only stations,country_specific,,0,1996,1996,1,regional sub-entry
902,Supreme Soviet,Legislative branch,country_specific,,0,1994,1996,8,
903,Telecommunication systems,Telecommunication systems,identity,,0,2020,2024,1205,
904,Total renewable water resources,Total renewable water resources,identity,,0,2008,2025,2401,
905,Trafficking in persons,Trafficking in persons,identity,,0,2006,2025,1128,
906,Turkish area - unpaved,Turkish area - unpaved,country_specific,,0,1996,1996,1,regional sub-entry
907,UAE,UAE,noise,,1,1992,1992,1,
908,undeveloped countries; the 175 LDCs are,undeveloped countries; the 175 LDCs are,noise,,1,1993,1993,1,
909,US House of Representatives,Legislative branch,country_specific,,0,1994,1996,15,
910,usable,usable,noise,,1,1994,1994,239,
911,Wales,Wales,country_specific,,0,1994,1996,3,regional sub-entry
912,with runways 2440-3659 m,with runways 2440-3659 m,noise,,1,1994,1994,1,
913,World Cup 2022,World Cup 2022,country_specific,,0,2022,2022,1,reference entry
914,National Assembly (Assemblee Nationale),Legislative branch,country_specific,,0,1994,1996,33,
915,National Assembly (Majlis al-Watani),Legislative branch,country_specific,,0,1994,1996,6,
916,National Congress (Congreso Nacional),Legislative branch,country_specific,,0,1994,1996,6,
917,National Parliament (Jatiya Sangsad),Legislative branch,country_specific,,0,1994,1996,3,
918,National People's Assembly,Legislative branch,country_specific,,0,1994,1994,2,
919,Natural gas - consumption,Natural gas - consumption,consolidation,Natural gas,0,2003,2021,3761,
920,Natural hazards,Natural hazards,identity,,0,1994,2025,7813,
921,"Neeriyas, Koror (mailing address","Neeriyas, Koror (mailing address",noise,,1,1990,1990,1,
922,"not in coalition, but voting with the government","not in coalition, but voting with the government",noise,,1,1994,1994,1,
923,Note,Note,country_specific,,0,1990,1999,2249,reference entry
924,noun,noun,noise,,1,1994,1994,234,
925,opposition groups,opposition groups,noise,,1,1994,1994,1,
926,Other agreements,Other agreements,country_specific,,0,1990,1996,4,reference entry
927,Parliament (Landsting),Legislative branch,country_specific,,0,1994,1996,3,
928,Parliament (Riigikogu),Legislative branch,country_specific,,0,1994,1996,3,
929,People,People,country_specific,,0,1998,1998,1,reference entry
930,People's Assembly (Golaha Shacbiga),Legislative branch,country_specific,,0,1994,1994,1,
931,People's National Assembly (Assembleia Nacional Popular),Legislative branch,country_specific,,0,1994,1994,1,
932,Petroleum,Petroleum,identity,,0,2022,2025,864,
933,progovernment parties,progovernment parties,noise,,1,1994,1994,1,
934,Railways,Railways,identity,,0,1996,2025,4939,
935,Real GDP (purchasing power parity),Real GDP (purchasing power parity),identity,,0,2021,2025,1157,
936,recipient,recipient,noise,,1,1994,1994,175,
937,Refined petroleum products - exports,Refined petroleum products - exports,consolidation,Petroleum,0,2012,2023,2596,
938,Refined petroleum products - imports,Refined petroleum products - imports,consolidation,Petroleum,0,2012,2023,2583,
939,Republic,Republic,country_specific,,0,1997,1998,2,regional sub-entry
940,Republika Srpska has a National Assembly with 83 seats,Legislative branch,country_specific,,0,1997,1998,2,
941,Revolutionary Council,Legislative branch,country_specific,,0,1990,1990,1,
942,Scotland,Scotland,country_specific,,0,1994,1996,3,regional sub-entry
943,Security Council,Legislative branch,country_specific,,0,1994,1996,3,
944,Senate,Legislative branch,country_specific,,0,1994,1996,78,
945,Senate (Camara de Senadores),Legislative branch,country_specific,,0,1994,1996,3,
946,Senate (Senado),Legislative branch,country_specific,,0,1994,1996,17,
947,Serbia - 0-14 years,Serbia - 0-14 years,country_specific,,0,1996,1996,1,regional sub-entry
948,Space agency/agencies,Space agency/agencies,identity,,0,2023,2025,241,
949,State Law and Order Restoration Council,Legislative branch,country_specific,,0,1994,1996,3,
950,Stock of broad money,Stock of broad money,rename,,0,2010,2019,1948,
951,Suffrage,Suffrage,identity,,0,1990,2025,8340,
952,Supreme People's Assembly (Ch'oego Inmin Hoeui),Legislative branch,country_specific,,0,1994,1994,1,
953,Telephone,Telecommunication systems,rename,,0,1994,1998,346,
954,Territorial Assembly (Assemblee Territoriale),Legislative branch,country_specific,,0,1994,1996,3,
955,total,total,noise,,1,1994,1994,480,
956,Transportation - note,Transportation - note,identity,,0,1997,2025,450,
957,Transportation note,Transportation - note,rename,,0,1996,1996,6,
958,Turkish area,Turkish area,country_specific,,0,1990,1997,41,regional sub-entry
959,Turkish area - services,Turkish area - services,country_specific,,0,1996,1996,1,regional sub-entry
960,Type,Government type,rename,,0,1990,1995,1502,
961,undifferentiated,undifferentiated,noise,,1,1994,1994,4,
962,Unemployment rate,Unemployment rate,identity,,0,1990,2025,8221,
963,"Unemployment, youth ages 15-24",Youth unemployment rate (ages 15-24),rename,,0,2011,2021,1921,
964,ural hazards,ural hazards,noise,,1,1994,1994,1,
965,Web uniform resource locator (URL),Web uniform resource locator (URL),country_specific,,0,1998,1998,1,reference entry
966,with permanent surface runways,with permanent surface runways,noise,,1,1994,1994,1,
967,with permanent-surface runways,with permanent-surface runways,noise,,1,1994,1994,238,
968,"with runsways over 3,659 m","with runsways over 3,659 m",noise,,1,1994,1994,1,
969,"with runways 2,439-3,659 m","with runways 2,439-3,659 m",noise,,1,1994,1994,2,
970,"with runways 3,659 m","with runways 3,659 m",noise,,1,1994,1994,1,
971,adjective,adjective,noise,,1,1994,1994,234,
972,agreement,agreement,noise,,1,1994,1994,1,
973,Airports,Airports,identity,,0,1990,2025,8525,
974,Area - rankings,Area - rankings,identity,,0,2021,2025,5,
975,Article 11,Article 11,noise,,1,1994,1996,3,
976,Article 2,Article 2,noise,,1,1994,1996,3,
977,Article 8,Article 8,noise,,1,1994,1996,3,
978,Assembly of People's Deputies,Legislative branch,country_specific,,0,1994,1994,1,
979,Assembly of Representatives,Legislative branch,country_specific,,0,1995,1995,1,
980,Assembly of the Republic (Assembleia da Republica),Legislative branch,country_specific,,0,1994,1996,5,
981,Average household expenditures,Average household expenditures,identity,,0,2023,2025,314,
982,Branches,Military and security forces,rename,,0,1990,1996,1374,Military branches listing (under Defense Forces category); correctly maps to modern equivalent
983,business organizations,business organizations,noise,,1,1994,1994,1,
984,Center-Left Parties,Center-Left Parties,noise,,1,1994,1999,10,
985,centrists/special interest parties,centrists/special interest parties,noise,,1,1994,1994,1,
986,Chamber of Deputies (Majlis al-Nuwaab),Legislative branch,country_specific,,0,1994,1996,3,
987,Chamber of Representatives (Camara de Representantes),Legislative branch,country_specific,,0,1996,1996,1,
988,Child marriage,Child marriage,identity,,0,2022,2025,391,
989,Coal,Coal,identity,,0,2022,2025,802,
990,Comments and queries are welcome and may be addressed to,Comments and queries are welcome and may be addressed to,noise,,1,1998,1998,1,
991,Comparative area,Area - comparative,rename,,0,1990,1994,1026,
992,Congress of the Republic (Congreso de la Republica),Legislative branch,country_specific,,0,1994,1996,3,
993,Continental shelf,Continental shelf,consolidation,Maritime claims,0,1990,1994,235,
994,Council of Heads of Republics,Legislative branch,country_specific,,0,1994,1996,3,
995,Country map,Country map,country_specific,,0,1998,1998,1,reference entry
996,CPD consists mainly of,CPD consists mainly of,noise,,1,1997,1998,2,
997,Crude oil - exports,Crude oil - exports,consolidation,Petroleum,0,2012,2021,2154,
998,Crude oil - proved reserves,Crude oil - proved reserves,consolidation,Petroleum,0,2012,2021,2183,
999,Curacao,Curacao,country_specific,,0,1994,1998,5,regional sub-entry
1000,Data codes-country,Data codes-country,country_specific,,0,1998,1998,1,reference entry
1001,developed countries,developed countries,noise,,1,1994,1994,1,
1002,Digraphs,Digraphs,country_specific,,0,1993,1994,2,reference entry
1003,Disputes,Disputes - international,rename,,0,1990,1992,541,
1004,Electricity--imports,Electricity - imports,dash_format,Electricity,0,1999,1999,235,dash -> Electricity - imports (consolidated)
1005,Environment,Environment - current issues,rename,,0,1990,1996,1557,
1006,Exports - partners,Exports - partners,identity,,0,2000,2025,5526,
1007,External debt,Debt - external,rename,,0,1990,1996,1589,
1008,Faroese Parliament (Logting),Legislative branch,country_specific,,0,1995,1996,2,
1009,Flag,Flag,identity,,0,1990,2025,1881,
1010,G,G,noise,,1,1994,1994,1,
1011,GDP methodology,GDP methodology,country_specific,,0,1998,1998,1,reference entry
1012,Geographic coordinates,Geographic coordinates,identity,,0,1996,2025,7888,
1013,Geographic overview,Geographic overview,identity,,0,2008,2025,19,
1014,Geography,Geography,country_specific,,0,1998,1998,1,reference entry
1015,Georgian Parliament,Legislative branch,country_specific,,0,1996,1996,1,
1016,government alliance,government alliance,noise,,1,1994,1994,1,
1017,Grand National Assembly of Turkey,Legislative branch,country_specific,,0,1995,1996,2,
1018,Greek sector,Greek sector,country_specific,,0,1995,1995,2,regional sub-entry
1019,Health expenditures,Health expenditure,rename,,0,2011,2018,1525,
1020,HIV/AIDS - people living with HIV/AIDS,HIV/AIDS - people living with HIV/AIDS,rename,,0,2001,2021,4963,
1021,honorary consulate(s) general,honorary consulate(s) general,noise,,1,1994,1994,2,
1022,Hospital bed density,Hospital bed density,identity,,0,2011,2025,2687,
1023,House of Commons (Chambre des Communes),Legislative branch,country_specific,,0,1994,1996,3,
1024,House of Representatives,Legislative branch,country_specific,,0,1994,1996,52,
1025,House of Representatives (Sapha Phuthaen Ratsadon),Legislative branch,country_specific,,0,1996,1996,1,
1026,Icebreakers,Icebreakers,rename,,0,2022,2023,6,
1027,IHO 23-3rd,IHO 23-3rd,country_specific,,0,1998,1999,2,reference entry
1028,Imports,Imports,identity,,0,1990,2025,8373,
1029,Industry,Industries,rename,,0,1990,1991,2,
1030,International disputes,Disputes - international,rename,,0,1993,1998,1063,
1031,Investment (gross fixed),Investment (gross fixed),rename,,0,2004,2012,1381,
1032,Italian lire,Italian lire,country_specific,,0,1994,1996,3,regional sub-entry
1033,January 1996 is as follows,January 1996 is as follows,noise,,1,1996,1996,1,
1034,Legislative Council,Legislative branch,country_specific,,0,1994,1996,21,
1035,"Lothian, Orkney*, Shetland*, Strathclyde, Tayside,,   Western Isles*,  Wales","Lothian, Orkney*, Shetland*, Strathclyde, Tayside,,   Western Isles*,  Wales",noise,,1,1993,1993,1,
1036,mailing address,mailing address,noise,,1,1994,1994,167,
1037,mailing embassy,mailing embassy,noise,,1,1994,1994,1,
1038,Majilis,Legislative branch,country_specific,,0,1996,1996,1,
1039,major opposition parties,major opposition parties,noise,,1,1994,1994,1,
1040,Major parties,Major parties,noise,,1,1994,1994,1,
1041,Map references,Map references,identity,,0,1993,2025,8734,
1042,Maps,Maps,country_specific,,0,1992,1993,2,reference entry
1043,Member of,International organization participation,rename,,0,1990,1995,1318,
1044,Military expenditures-dollar figure,Military expenditures - dollar figure,dash_format,Military expenditures,0,1998,1998,197,dash -> Military expenditures - dollar figure (consolidated)
1045,Military expenditures--dollar figure,Military expenditures - dollar figure,dash_format,Military expenditures,0,1999,1999,196,dash -> Military expenditures - dollar figure (consolidated)
1046,Military manpower - military age,Military manpower - military age,consolidation,Military service age and obligation,0,1997,2003,643,
1047,Military manpower - military age and obligation,Military manpower - military age and obligation,consolidation,Military service age and obligation,0,2004,2004,170,
1048,Military manpower - reaching military age annually,Military manpower - reaching military age annually,consolidation,Military service age and obligation,0,1997,2004,768,
1049,Military manpower-military age,Military manpower - military age,dash_format,Military service age and obligation,0,1998,1998,128,dash -> Military manpower - military age (consolidated)
1050,Military manpower--military age,Military manpower - military age,dash_format,Military service age and obligation,0,1999,1999,128,dash -> Military manpower - military age (consolidated)
1051,moderate,moderate,noise,,1,1994,1994,1,
1052,Montenegro - total population,Montenegro - total population,country_specific,,0,1996,1996,1,regional sub-entry
1053,National Parliament (Narodni Rada),Legislative branch,country_specific,,0,1996,1996,1,
1054,National Progressive Front includes,National Progressive Front includes,noise,,1,1995,1998,4,
1055,Natural resources,Natural resources,identity,,0,1990,2025,9447,
1056,Nuclear energy,Nuclear energy,identity,,0,2023,2025,121,
1057,NZ,NZ,noise,,1,1992,1992,1,
1058,Oil - proved reserves,Oil - proved reserves,consolidation,Petroleum,0,2003,2011,1458,
1059,other parties,other parties,noise,,1,1994,1994,4,
1060,Overview,Economic overview,rename,,0,1990,1995,1559,
1061,Parliament (Fale I Fono),Legislative branch,country_specific,,0,1996,1996,1,
1062,partners,partners,noise,,1,1994,1994,464,
1063,paved and gravelled,paved and gravelled,noise,,1,1994,1994,1,
1064,PDRY,PDRY,noise,,1,1992,1992,1,
1065,People - note,People - note,identity,,0,1997,2025,173,
1066,People's Assembly (Assemblee du Peuple),Legislative branch,country_specific,,0,1994,1994,1,
1067,People's National Assembly (Assemblee Nationale Populaire),Legislative branch,country_specific,,0,1994,1994,1,
1068,Political structure,Political structure,identity,,0,2004,2024,21,
1069,Population growth rate,Population growth rate,identity,,0,1993,2025,7811,
1070,Presidential Administration,Legislative branch,country_specific,,0,1994,1996,5,
1071,Reference maps,Reference maps,country_specific,,0,1998,1998,1,reference entry
1072,Revenue from forest resources,Revenue from forest resources,identity,,0,2021,2024,820,
1073,revenues,revenues,noise,,1,1994,1994,236,
1074,ruling coalition,ruling coalition,noise,,1,1990,1994,2,
1075,Sejm,Legislative branch,country_specific,,0,1996,1996,1,
1076,Senate (Majlis al-Shuyukh),Legislative branch,country_specific,,0,1994,1996,3,
1077,Serbia - female,Serbia - female,country_specific,,0,1996,1996,1,regional sub-entry
1078,Stock of money,Stock of narrow money,rename,,0,2008,2009,377,
1079,Telephones - fixed lines,Telephones - fixed lines,identity,,0,2015,2025,2479,
1080,Televisions,Televisions,rename,,0,1996,2002,1672,Count of TV devices owned by population; not broadcast infrastructure
1081,Tobacco use,Tobacco use,identity,,0,2022,2025,660,
1082,Total fertility rate,Total fertility rate,identity,,0,1990,2025,8407,
1083,Total water withdrawal,Total water withdrawal,identity,,0,2021,2025,920,
1084,Transnational Issues,Transnational Issues,country_specific,,0,1998,1998,1,reference entry
1085,"Ulaanbaatar*, Uvs, Independence","Ulaanbaatar*, Uvs, Independence",noise,,1,1993,1993,1,
1086,undeveloped countries.  The 41 LLDCs are,undeveloped countries.  The 41 LLDCs are,noise,,1,1992,1992,1,
1087,Unemployment,Unemployment rate,rename,,0,1990,1991,20,
1088,with runways over 3659 m,with runways over 3659 m,noise,,1,1994,1994,1,
1089,World Factbook that may be categorized as follows,World Factbook that may be categorized as follows,noise,,1,1998,1998,1,
1090,Zhogorku Keneshom,Legislative branch,country_specific,,0,1994,1994,1,
